{
  "registrations_per_event_report": {
    "report_type": "registrations_per_event",
    "generated_at": "2024-03-20T10:00:00Z",
    "data": [
      {
        "event_id": "550e8400-e29b-41d4-a716-446655440031",
        "event_title": "Tech Fest 2024 - Tech University",
        "event_type": "fest",
        "college_name": "Tech University",
        "total_registrations": 387,
        "active_registrations": 368,
        "cancelled_registrations": 19,
        "capacity_utilization": 73.6
      },
      {
        "event_id": "550e8400-e29b-41d4-a716-446655440032",
        "event_title": "Robotics Seminar - Engineering College",
        "event_type": "seminar",
        "college_name": "Engineering College",
        "total_registrations": 89,
        "active_registrations": 85,
        "cancelled_registrations": 4,
        "capacity_utilization": 85.0
      },
      {
        "event_id": "550e8400-e29b-41d4-a716-446655440030",
        "event_title": "AI/ML Workshop - Tech University",
        "event_type": "workshop",
        "college_name": "Tech University",
        "total_registrations": 47,
        "active_registrations": 45,
        "cancelled_registrations": 2,
        "capacity_utilization": 90.0
      }
    ],
    "total": 3,
    "filters": {
      "college_id": null,
      "event_type": null,
      "start_date": null,
      "end_date": null
    }
  },

  "attendance_percentage_report": {
    "report_type": "attendance_percentage",
    "generated_at": "2024-03-20T10:00:00Z",
    "data": [
      {
        "event_id": "550e8400-e29b-41d4-a716-446655440030",
        "event_title": "AI/ML Workshop - Tech University",
        "total_registrations": 45,
        "total_attendance": 38,
        "attendance_percentage": 84.4
      },
      {
        "event_id": "550e8400-e29b-41d4-a716-446655440032",
        "event_title": "Robotics Seminar - Engineering College",
        "total_registrations": 85,
        "total_attendance": 72,
        "attendance_percentage": 84.7
      },
      {
        "event_id": "550e8400-e29b-41d4-a716-446655440031",
        "event_title": "Tech Fest 2024 - Tech University",
        "total_registrations": 368,
        "total_attendance": 295,
        "attendance_percentage": 80.2
      }
    ],
    "total": 3
  },

  "average_feedback_score_report": {
    "report_type": "average_feedback_score",
    "generated_at": "2024-03-20T10:00:00Z",
    "data": [
      {
        "event_id": "550e8400-e29b-41d4-a716-446655440030",
        "event_title": "AI/ML Workshop - Tech University",
        "total_feedback": 28,
        "average_rating": 4.2,
        "rating_distribution": {
          "5": 12,
          "4": 11,
          "3": 4,
          "2": 1,
          "1": 0
        }
      },
      {
        "event_id": "550e8400-e29b-41d4-a716-446655440032",
        "event_title": "Robotics Seminar - Engineering College",
        "total_feedback": 51,
        "average_rating": 3.9,
        "rating_distribution": {
          "5": 15,
          "4": 20,
          "3": 12,
          "2": 3,
          "1": 1
        }
      },
      {
        "event_id": "550e8400-e29b-41d4-a716-446655440031",
        "event_title": "Tech Fest 2024 - Tech University",
        "total_feedback": 198,
        "average_rating": 4.1,
        "rating_distribution": {
          "5": 78,
          "4": 89,
          "3": 25,
          "2": 5,
          "1": 1
        }
      }
    ],
    "total": 3
  },

  "event_popularity_report": {
    "report_type": "event_popularity",
    "generated_at": "2024-03-20T10:00:00Z",
    "data": [
      {
        "rank": 1,
        "event_id": "550e8400-e29b-41d4-a716-446655440031",
        "event_title": "Tech Fest 2024 - Tech University",
        "event_type": "fest",
        "total_registrations": 368,
        "attendance_rate": 80.2,
        "average_rating": 4.1
      },
      {
        "rank": 2,
        "event_id": "550e8400-e29b-41d4-a716-446655440032",
        "event_title": "Robotics Seminar - Engineering College",
        "event_type": "seminar",
        "total_registrations": 85,
        "attendance_rate": 84.7,
        "average_rating": 3.9
      },
      {
        "rank": 3,
        "event_id": "550e8400-e29b-41d4-a716-446655440030",
        "event_title": "AI/ML Workshop - Tech University",
        "event_type": "workshop",
        "total_registrations": 45,
        "attendance_rate": 84.4,
        "average_rating": 4.2
      }
    ],
    "total": 3
  },

  "student_participation_report": {
    "report_type": "student_participation",
    "generated_at": "2024-03-20T10:00:00Z",
    "data": [
      {
        "student_id": "550e8400-e29b-41d4-a716-446655440020",
        "student_name": "John Doe",
        "college_name": "Tech University",
        "total_registrations": 8,
        "total_attendance": 7,
        "attendance_rate": 87.5,
        "events_attended": [
          {
            "event_title": "AI/ML Workshop - Tech University",
            "event_type": "workshop",
            "attendance_date": "2024-03-15"
          },
          {
            "event_title": "Tech Fest 2024 - Tech University",
            "event_type": "fest",
            "attendance_date": "2024-03-20"
          }
        ]
      },
      {
        "student_id": "550e8400-e29b-41d4-a716-446655440021",
        "student_name": "Jane Smith",
        "college_name": "Tech University",
        "total_registrations": 6,
        "total_attendance": 6,
        "attendance_rate": 100.0,
        "events_attended": [
          {
            "event_title": "AI/ML Workshop - Tech University",
            "event_type": "workshop",
            "attendance_date": "2024-03-15"
          }
        ]
      }
    ],
    "total": 2
  },

  "top_active_students_report": {
    "report_type": "top_active_students",
    "generated_at": "2024-03-20T10:00:00Z",
    "data": [
      {
        "rank": 1,
        "student_id": "550e8400-e29b-41d4-a716-446655440020",
        "student_name": "John Doe",
        "college_name": "Tech University",
        "events_attended": 12,
        "average_rating_given": 4.3
      },
      {
        "rank": 2,
        "student_id": "550e8400-e29b-41d4-a716-446655440021",
        "student_name": "Jane Smith",
        "college_name": "Tech University",
        "events_attended": 10,
        "average_rating_given": 4.1
      },
      {
        "rank": 3,
        "student_id": "550e8400-e29b-41d4-a716-446655440023",
        "student_name": "Sarah Wilson",
        "college_name": "Engineering College",
        "events_attended": 9,
        "average_rating_given": 4.5
      }
    ],
    "total": 3
  },

  "college_performance_report": {
    "report_type": "college_performance",
    "generated_at": "2024-03-20T10:00:00Z",
    "data": [
      {
        "college_id": "550e8400-e29b-41d4-a716-446655440001",
        "college_name": "Tech University",
        "code": "TU",
        "total_students": 100,
        "total_events": 4,
        "total_registrations": 415,
        "total_attendance": 333,
        "total_feedback": 226,
        "overall_attendance_rate": 80.2,
        "average_feedback_score": 4.15
      },
      {
        "college_id": "550e8400-e29b-41d4-a716-446655440002",
        "college_name": "Engineering College",
        "code": "EC",
        "total_students": 100,
        "total_events": 4,
        "total_registrations": 298,
        "total_attendance": 252,
        "total_feedback": 176,
        "overall_attendance_rate": 84.6,
        "average_feedback_score": 3.95
      }
    ],
    "total": 2
  },

  "event_type_analysis": {
    "report_type": "event_type_analysis",
    "generated_at": "2024-03-20T10:00:00Z",
    "data": [
      {
        "event_type": "workshop",
        "total_events": 8,
        "total_registrations": 312,
        "total_attendance": 265,
        "avg_capacity": 42,
        "attendance_rate": 84.9,
        "average_rating": 4.1
      },
      {
        "event_type": "fest",
        "total_events": 4,
        "total_registrations": 1456,
        "total_attendance": 1168,
        "avg_capacity": 500,
        "attendance_rate": 80.2,
        "average_rating": 4.0
      },
      {
        "event_type": "seminar",
        "total_events": 6,
        "total_registrations": 498,
        "total_attendance": 422,
        "avg_capacity": 90,
        "attendance_rate": 84.7,
        "average_rating": 3.8
      },
      {
        "event_type": "hackathon",
        "total_events": 2,
        "total_registrations": 48,
        "total_attendance": 39,
        "avg_capacity": 35,
        "attendance_rate": 81.3,
        "average_rating": 4.4
      }
    ],
    "total": 4
  }
}
