{
  "info": {
    "name": "Campus Event System API",
    "description": "Complete API collection for Campus Event System with authentication, CRUD operations, and reporting endpoints",
    "version": "1.0.0",
    "schema": "https://schema.getpostman.com/json/collection/v2.1.0/collection.json"
  },
  "auth": {
    "type": "bearer",
    "bearer": [
      {
        "key": "token",
        "value": "{{access_token}}",
        "type": "string"
      }
    ]
  },
  "variable": [
    {
      "key": "base_url",
      "value": "http://localhost:8000",
      "type": "string"
    },
    {
      "key": "access_token",
      "value": "",
      "type": "string"
    }
  ],
  "item": [
    {
      "name": "Authentication",
      "item": [
        {
          "name": "Login",
          "event": [
            {
              "listen": "test",
              "script": {
                "exec": [
                  "if (pm.response.code === 200) {",
                  "    const response = pm.response.json();",
                  "    pm.collectionVariables.set('access_token', response.access_token);",
                  "    pm.test('Login successful', function () {",
                  "        pm.expect(response.access_token).to.exist;",
                  "    });",
                  "}"
                ]
              }
            }
          ],
          "request": {
            "auth": {
              "type": "noauth"
            },
            "method": "POST",
            "header": [
              {
                "key": "Content-Type",
                "value": "application/json"
              }
            ],
            "body": {
              "mode": "raw",
              "raw": "{\n  \"username\": \"admin_tu\",\n  \"password\": \"password123\"\n}"
            },
            "url": {
              "raw": "{{base_url}}/api/v1/auth/login",
              "host": ["{{base_url}}"],
              "path": ["api", "v1", "auth", "login"]
            }
          }
        }
      ]
    },
    {
      "name": "Colleges",
      "item": [
        {
          "name": "Get All Colleges",
          "request": {
            "method": "GET",
            "header": [],
            "url": {
              "raw": "{{base_url}}/api/v1/colleges/",
              "host": ["{{base_url}}"],
              "path": ["api", "v1", "colleges", ""]
            }
          }
        },
        {
          "name": "Create College",
          "request": {
            "method": "POST",
            "header": [
              {
                "key": "Content-Type",
                "value": "application/json"
              }
            ],
            "body": {
              "mode": "raw",
              "raw": "{\n  \"name\": \"New Tech College\",\n  \"code\": \"NTC\",\n  \"address\": \"123 Innovation Drive, Tech City\",\n  \"contact_email\": \"admin@newtechcollege.edu\",\n  \"contact_phone\": \"+1-555-0199\"\n}"
            },
            "url": {
              "raw": "{{base_url}}/api/v1/colleges/",
              "host": ["{{base_url}}"],
              "path": ["api", "v1", "colleges", ""]
            }
          }
        }
      ]
    },
    {
      "name": "Events",
      "item": [
        {
          "name": "Get All Events",
          "request": {
            "method": "GET",
            "header": [],
            "url": {
              "raw": "{{base_url}}/api/v1/events/?limit=10",
              "host": ["{{base_url}}"],
              "path": ["api", "v1", "events", ""],
              "query": [
                {
                  "key": "limit",
                  "value": "10"
                }
              ]
            }
          }
        },
        {
          "name": "Create Event",
          "request": {
            "method": "POST",
            "header": [
              {
                "key": "Content-Type",
                "value": "application/json"
              }
            ],
            "body": {
              "mode": "raw",
              "raw": "{\n  \"title\": \"Python Programming Workshop\",\n  \"description\": \"Learn Python programming from basics to advanced concepts\",\n  \"event_type\": \"workshop\",\n  \"start_time\": \"2024-04-15T10:00:00Z\",\n  \"end_time\": \"2024-04-15T16:00:00Z\",\n  \"venue\": \"Computer Lab 2\",\n  \"max_capacity\": 40\n}"
            },
            "url": {
              "raw": "{{base_url}}/api/v1/events/",
              "host": ["{{base_url}}"],
              "path": ["api", "v1", "events", ""]
            }
          }
        },
        {
          "name": "Get Event by ID",
          "request": {
            "method": "GET",
            "header": [],
            "url": {
              "raw": "{{base_url}}/api/v1/events/{{event_id}}",
              "host": ["{{base_url}}"],
              "path": ["api", "v1", "events", "{{event_id}}"]
            }
          }
        },
        {
          "name": "Update Event",
          "request": {
            "method": "PUT",
            "header": [
              {
                "key": "Content-Type",
                "value": "application/json"
              }
            ],
            "body": {
              "mode": "raw",
              "raw": "{\n  \"title\": \"Advanced Python Programming Workshop\",\n  \"max_capacity\": 50\n}"
            },
            "url": {
              "raw": "{{base_url}}/api/v1/events/{{event_id}}",
              "host": ["{{base_url}}"],
              "path": ["api", "v1", "events", "{{event_id}}"]
            }
          }
        },
        {
          "name": "Delete Event",
          "request": {
            "method": "DELETE",
            "header": [],
            "url": {
              "raw": "{{base_url}}/api/v1/events/{{event_id}}",
              "host": ["{{base_url}}"],
              "path": ["api", "v1", "events", "{{event_id}}"]
            }
          }
        }
      ]
    },
    {
      "name": "Students",
      "item": [
        {
          "name": "Get All Students",
          "request": {
            "method": "GET",
            "header": [],
            "url": {
              "raw": "{{base_url}}/api/v1/students/?limit=20",
              "host": ["{{base_url}}"],
              "path": ["api", "v1", "students", ""],
              "query": [
                {
                  "key": "limit",
                  "value": "20"
                }
              ]
            }
          }
        },
        {
          "name": "Create Student",
          "request": {
            "method": "POST",
            "header": [
              {
                "key": "Content-Type",
                "value": "application/json"
              }
            ],
            "body": {
              "mode": "raw",
              "raw": "{\n  \"college_id\": \"550e8400-e29b-41d4-a716-446655440001\",\n  \"student_id\": \"TU2024999\",\n  \"first_name\": \"Alice\",\n  \"last_name\": \"Johnson\",\n  \"email\": \"alice.johnson@student.techuni.edu\",\n  \"phone\": \"+1-555-9999\",\n  \"department\": \"Computer Science\",\n  \"year\": 2\n}"
            },
            "url": {
              "raw": "{{base_url}}/api/v1/students/",
              "host": ["{{base_url}}"],
              "path": ["api", "v1", "students", ""]
            }
          }
        },
        {
          "name": "Get Student by Email",
          "request": {
            "method": "GET",
            "header": [],
            "url": {
              "raw": "{{base_url}}/api/v1/students/by-email/john.doe@student.techuni.edu",
              "host": ["{{base_url}}"],
              "path": ["api", "v1", "students", "by-email", "john.doe@student.techuni.edu"]
            }
          }
        }
      ]
    },
    {
      "name": "Registrations",
      "item": [
        {
          "name": "Register Student for Event",
          "request": {
            "method": "POST",
            "header": [
              {
                "key": "Content-Type",
                "value": "application/json"
              }
            ],
            "body": {
              "mode": "raw",
              "raw": "{\n  \"event_id\": \"{{event_id}}\",\n  \"student_id\": \"{{student_id}}\"\n}"
            },
            "url": {
              "raw": "{{base_url}}/api/v1/registrations/",
              "host": ["{{base_url}}"],
              "path": ["api", "v1", "registrations", ""]
            }
          }
        },
        {
          "name": "Get All Registrations",
          "request": {
            "method": "GET",
            "header": [],
            "url": {
              "raw": "{{base_url}}/api/v1/registrations/?limit=20",
              "host": ["{{base_url}}"],
              "path": ["api", "v1", "registrations", ""],
              "query": [
                {
                  "key": "limit",
                  "value": "20"
                }
              ]
            }
          }
        },
        {
          "name": "Get Event Registrations",
          "request": {
            "method": "GET",
            "header": [],
            "url": {
              "raw": "{{base_url}}/api/v1/registrations/events/{{event_id}}/registrations",
              "host": ["{{base_url}}"],
              "path": ["api", "v1", "registrations", "events", "{{event_id}}", "registrations"]
            }
          }
        },
        {
          "name": "Cancel Registration",
          "request": {
            "method": "PUT",
            "header": [],
            "url": {
              "raw": "{{base_url}}/api/v1/registrations/{{registration_id}}/cancel",
              "host": ["{{base_url}}"],
              "path": ["api", "v1", "registrations", "{{registration_id}}", "cancel"]
            }
          }
        }
      ]
    },
    {
      "name": "Attendance",
      "item": [
        {
          "name": "Mark Attendance (Check-in)",
          "request": {
            "method": "POST",
            "header": [
              {
                "key": "Content-Type",
                "value": "application/json"
              }
            ],
            "body": {
              "mode": "raw",
              "raw": "{\n  \"registration_id\": \"{{registration_id}}\",\n  \"check_in_time\": \"2024-04-15T10:05:00Z\",\n  \"notes\": \"Arrived on time\"\n}"
            },
            "url": {
              "raw": "{{base_url}}/api/v1/attendance/",
              "host": ["{{base_url}}"],
              "path": ["api", "v1", "attendance", ""]
            }
          }
        },
        {
          "name": "Update Attendance (Check-out)",
          "request": {
            "method": "PUT",
            "header": [
              {
                "key": "Content-Type",
                "value": "application/json"
              }
            ],
            "body": {
              "mode": "raw",
              "raw": "{\n  \"check_out_time\": \"2024-04-15T15:45:00Z\",\n  \"notes\": \"Completed full session\"\n}"
            },
            "url": {
              "raw": "{{base_url}}/api/v1/attendance/{{attendance_id}}/checkout",
              "host": ["{{base_url}}"],
              "path": ["api", "v1", "attendance", "{{attendance_id}}", "checkout"]
            }
          }
        },
        {
          "name": "Get Event Attendance",
          "request": {
            "method": "GET",
            "header": [],
            "url": {
              "raw": "{{base_url}}/api/v1/attendance/events/{{event_id}}/attendance",
              "host": ["{{base_url}}"],
              "path": ["api", "v1", "attendance", "events", "{{event_id}}", "attendance"]
            }
          }
        }
      ]
    },
    {
      "name": "Feedback",
      "item": [
        {
          "name": "Submit Feedback",
          "request": {
            "method": "POST",
            "header": [
              {
                "key": "Content-Type",
                "value": "application/json"
              }
            ],
            "body": {
              "mode": "raw",
              "raw": "{\n  \"attendance_id\": \"{{attendance_id}}\",\n  \"rating\": 4,\n  \"comments\": \"Great workshop! Very informative and well-structured.\",\n  \"feedback_data\": {\n    \"content_quality\": 5,\n    \"instructor_rating\": 4,\n    \"venue_rating\": 3,\n    \"would_recommend\": true\n  }\n}"
            },
            "url": {
              "raw": "{{base_url}}/api/v1/feedback/",
              "host": ["{{base_url}}"],
              "path": ["api", "v1", "feedback", ""]
            }
          }
        },
        {
          "name": "Get Event Feedback",
          "request": {
            "method": "GET",
            "header": [],
            "url": {
              "raw": "{{base_url}}/api/v1/feedback/events/{{event_id}}/feedback",
              "host": ["{{base_url}}"],
              "path": ["api", "v1", "feedback", "events", "{{event_id}}", "feedback"]
            }
          }
        }
      ]
    },
    {
      "name": "Reports",
      "item": [
        {
          "name": "Registrations per Event Report",
          "request": {
            "method": "GET",
            "header": [],
            "url": {
              "raw": "{{base_url}}/api/v1/reports/registrations-per-event",
              "host": ["{{base_url}}"],
              "path": ["api", "v1", "reports", "registrations-per-event"]
            }
          }
        },
        {
          "name": "Attendance Percentage Report",
          "request": {
            "method": "GET",
            "header": [],
            "url": {
              "raw": "{{base_url}}/api/v1/reports/attendance-percentage",
              "host": ["{{base_url}}"],
              "path": ["api", "v1", "reports", "attendance-percentage"]
            }
          }
        },
        {
          "name": "Average Feedback Score Report",
          "request": {
            "method": "GET",
            "header": [],
            "url": {
              "raw": "{{base_url}}/api/v1/reports/average-feedback-score",
              "host": ["{{base_url}}"],
              "path": ["api", "v1", "reports", "average-feedback-score"]
            }
          }
        },
        {
          "name": "Event Popularity Report",
          "request": {
            "method": "GET",
            "header": [],
            "url": {
              "raw": "{{base_url}}/api/v1/reports/event-popularity?limit=10",
              "host": ["{{base_url}}"],
              "path": ["api", "v1", "reports", "event-popularity"],
              "query": [
                {
                  "key": "limit",
                  "value": "10"
                }
              ]
            }
          }
        },
        {
          "name": "Student Participation Report",
          "request": {
            "method": "GET",
            "header": [],
            "url": {
              "raw": "{{base_url}}/api/v1/reports/student-participation?limit=50",
              "host": ["{{base_url}}"],
              "path": ["api", "v1", "reports", "student-participation"],
              "query": [
                {
                  "key": "limit",
                  "value": "50"
                }
              ]
            }
          }
        },
        {
          "name": "Top Active Students Report",
          "request": {
            "method": "GET",
            "header": [],
            "url": {
              "raw": "{{base_url}}/api/v1/reports/top-active-students?limit=10",
              "host": ["{{base_url}}"],
              "path": ["api", "v1", "reports", "top-active-students"],
              "query": [
                {
                  "key": "limit",
                  "value": "10"
                }
              ]
            }
          }
        },
        {
          "name": "Filtered Reports - By College",
          "request": {
            "method": "GET",
            "header": [],
            "url": {
              "raw": "{{base_url}}/api/v1/reports/registrations-per-event?college_id={{college_id}}",
              "host": ["{{base_url}}"],
              "path": ["api", "v1", "reports", "registrations-per-event"],
              "query": [
                {
                  "key": "college_id",
                  "value": "{{college_id}}"
                }
              ]
            }
          }
        },
        {
          "name": "Filtered Reports - By Event Type",
          "request": {
            "method": "GET",
            "header": [],
            "url": {
              "raw": "{{base_url}}/api/v1/reports/event-popularity?event_type=workshop",
              "host": ["{{base_url}}"],
              "path": ["api", "v1", "reports", "event-popularity"],
              "query": [
                {
                  "key": "event_type",
                  "value": "workshop"
                }
              ]
            }
          }
        }
      ]
    },
    {
      "name": "Health Check",
      "item": [
        {
          "name": "Health Check",
          "request": {
            "auth": {
              "type": "noauth"
            },
            "method": "GET",
            "header": [],
            "url": {
              "raw": "{{base_url}}/api/v1/health",
              "host": ["{{base_url}}"],
              "path": ["api", "v1", "health"]
            }
          }
        },
        {
          "name": "Root Endpoint",
          "request": {
            "auth": {
              "type": "noauth"
            },
            "method": "GET",
            "header": [],
            "url": {
              "raw": "{{base_url}}/",
              "host": ["{{base_url}}"],
              "path": [""]
            }
          }
        }
      ]
    }
  ]
}
